{"cameraMode":{"drawMode":0,"name":"Shaded","section":"Shading Mode"},"sceneLighting":false,"audioPlay":false,"sceneViewState":{"showFog":true,"showMaterialUpdate":false,"showSkybox":true,"showFlares":true,"showImageEffects":true,"showParticleSystems":true},"in2DMode":false,"pivot":{"x":-12.424004554748536,"y":4.235724925994873,"z":-5.200078010559082},"rotation":{"x":0.3367835283279419,"y":-0.09548091888427735,"z":0.03428478166460991,"w":0.9362073540687561},"size":39.074432373046878,"orthographic":false}